GWG,Veillonella,Enterococcus,Bifidobacterium,Escherichia/Shigella,Bacteroides,Streptococcus,Prevotella,Klebsiella,Enterobacter,Staphylococcus,Megamonas,Sutterella,Parabacteroides,Alloprevotella,Dialister,Barnesiella,Lactobacillus,Roseburia,Clostridium_sensu_stricto,Alistipes,Faecalibacterium,Clostridium_XlVa,Citrobacter,Flavonifractor,Akkermansia,Lachnospiracea_incertae_sedis,Mitsuokella,Butyricimonas,Brevundimonas,Sphingomonas,Rothia,Fusicatenibacter,Blautia,Gemmiger,Oscillibacter,Kluyvera,Salmonella,Haemophilus,Proteus,Ruminococcus,Bacillus,Odoribacter,Dorea
1,0.002142759,0.692719761,0.0028113,0.001122806,0.042118075,0.053954676,0.06191717,0.000299986,0.000222847,0.000891388,0.011519473,0.011596613,0.004885491,0.012436574,0.007071105,0.009830979,0.000754251,0.008116772,0.001328511,0.007971064,0.006985395,0.002194185,0.000111423,0.000814248,0.000565688,0.004388371,0.003488412,0.00487692,0.000102852,0.000779964,8.57E-06,0.002845584,0.001559929,0.002305609,0.001834202,5.14E-05,3.43E-05,0.000677112,0,0.000445694,0.00049712,0.000428552,0.000291415
1,0.007507074,0.048893118,0.087554298,0.000468258,0.008598015,0.023851273,0.013788706,0.003746065,0.634952975,0.000363647,0.003397362,0.002371179,0.001215478,0.00301877,0.002973937,0.00217192,0.007322759,0.002112143,0.000547962,0.001379867,0.001648866,0.000488184,0.00016937,0.00020424,7.97E-05,0.001190571,0.001150719,0.001036146,0.00261029,0.00030387,0.000149444,0.000652572,0.000368629,0.000592795,0.000383573,1.49E-05,0.004961543,8.97E-05,0.000278962,0.000109592,0.000109592,5.98E-05,6.97E-05
1,0.530452238,0.018578138,0.067712673,0.246714264,0.003531929,0.001013181,0.002585031,0.000312476,0.019515567,8.52E-05,0.000624953,0.000662829,0.000331414,0.000511325,0.001818044,0.000501856,0.000113628,0.000606015,0.003200515,0.000340883,0.00073858,0.000236724,0.005700326,6.63E-05,0.000113628,0.032715325,0.000303007,0.000293538,0,9.47E-06,2.84E-05,0.0002746,9.47E-05,0.000198849,0.000208318,0.000634422,0.001931672,0.001212029,0.000198849,0.000142035,0.000331414,1.89E-05,2.84E-05
1,0.198636519,0.007165166,0.392214115,0.150580037,0.006036587,0.197389832,0.006830529,5.25E-05,0.001108895,0.001292617,0.001404163,0.00117451,0.000688958,0.001397601,0.001148264,0.000852996,0.00356946,0.000846434,0.000754573,0.000892365,0.001010472,0.000360883,0.001751923,5.91E-05,0.000118107,0.000728327,0.000446183,0.000426498,6.56E-06,0.000170599,0.001509147,0.000209968,0.000196845,0.000282145,0.000341198,0.000124669,6.56E-06,7.87E-05,5.91E-05,0.000209968,0.000314952,9.19E-05,1.97E-05
1,0.530362576,0.086202572,0.225212419,0.001768819,0.026770266,0.005698812,0.023155444,0.000392356,0.005917502,0.004669681,0.004688977,0.004065067,0.002797949,0.004888371,0.004058635,0.004032906,0.004688977,0.003370403,0.001273549,0.004045771,0.002990911,0.000861897,0.003788488,0.000270147,0.000546726,0.002244792,0.001466511,0.001704498,7.72E-05,0.000147938,0.00077828,0.000791144,0.000758984,0.001408623,0.001228525,0.000366628,3.86E-05,0.000321603,0.000141505,0.000758984,0.000508133,0.00021869,5.15E-05
1,0.00568904,0.001445324,0.332403953,0.002306368,0.085038337,0.102781992,0.108963057,0.000522777,0.000317766,0.072317438,0.027122883,0.02333019,0.010804051,0.024191234,0.016554594,0.018871212,0.00078929,0.017118373,0.001670835,0.014719751,0.01469925,0.004048956,0.000184509,0.001814343,0.001045553,0.009922506,0.008138915,0.008343926,0.012659396,0.001691336,5.13E-05,0.004469228,0.003464677,0.004858748,0.003105908,2.05E-05,5.13E-05,0.001435073,0,0.000922547,0.000256263,0.000820042,0.00077904
1,0.00632052,0.000496268,0.005128099,0.454002192,0.09208522,0.017893206,0.115506296,0.00047559,0.00031706,0.000454912,0.033139651,0.026798453,0.01182082,0.025929985,0.020836349,0.02028494,0.000916717,0.015349834,0.001564622,0.015915028,0.017383153,0.004321664,0.00142677,0.001964393,0.000992535,0.009442871,0.009608293,0.009174059,5.51E-05,0.001040784,4.82E-05,0.005031603,0.00338427,0.004666294,0.003894323,5.51E-05,4.14E-05,0.001219991,0.00013096,0.000964965,0.000151637,0.000958072,0.000572086
1,0.005699472,0.341190025,0.004253155,0.002120449,0.081900805,0.00335227,0.103552671,0.000606718,0.002622983,0.166761658,0.030525884,0.024544502,0.011233476,0.023668131,0.019464004,0.018471193,0.000704773,0.016920692,0.002187862,0.015866596,0.015590815,0.004651505,0.002040779,0.00191821,0.000802829,0.009952627,0.00910077,0.00746447,6.74E-05,0.000949912,1.84E-05,0.005006956,0.003254215,0.005184681,0.004044787,0.000208368,4.90E-05,0.001409547,6.13E-05,0.000962169,0.00052092,0.000625103,0.000986683
1,0.009352226,0.000107851,0.084411416,0.003240667,0.123109397,0.009722001,0.170836051,0.0007755,0.000277331,0.028005321,0.053170564,0.040023008,0.015879782,0.039406717,0.035313513,0.030028812,0.000575206,0.022299487,0.003317703,0.023537206,0.01791868,0.006019115,0.000369775,0.002511389,0.000693328,0.015848967,0.013681675,0.012757238,0.016901799,0.061731882,0.003759379,0.007508487,0.004884111,0.006332397,0.005592847,8.73E-05,2.05E-05,0.00174616,2.05E-05,0.001504779,0.000138666,0.001247991,0.000796043
1,0.010391522,8.12E-05,0.044569888,0.003171579,0.142022883,0.002262321,0.189169003,0.000692768,0.000135306,0.108423628,0.053473042,0.041371248,0.018526136,0.042957038,0.039276707,0.033729149,0.000579111,0.021849258,0.002976738,0.025231915,0.020084864,0.006927681,0.000443805,0.003160755,0.000947144,0.016198868,0.016799628,0.014396588,0.023462109,0.002002533,0.002484223,0.006694955,0.004443458,0.007214531,0.006402693,8.66E-05,5.41E-05,0.001656149,5.41E-06,0.001639912,0.000248964,0.001169046,0.000925495
1,0.006220212,0.259620804,0.033550183,0.0026996,0.091368934,0.13659419,0.117954427,0.000187859,0.003409289,0.015140024,0.038789355,0.028533658,0.011090624,0.028394503,0.023398852,0.020177422,0.000744477,0.019592973,0.002581318,0.016002783,0.017756132,0.00561489,0.002553488,0.001955123,0.000452253,0.011772482,0.010728822,0.008077927,0.00021569,0.001168899,6.96E-06,0.005253087,0.004710384,0.00616455,0.004905201,0.000313098,6.26E-05,0.001475039,1.39E-05,0.001182814,0.000480083,0.000939294,0.000869716
1,0.003351063,0.640435413,0.004205697,0.001439383,0.058452439,0.013078143,0.083877787,0.000359846,0.000292375,0.010806617,0.017137652,0.016170567,0.007601741,0.016114341,0.011020275,0.012470903,0.00062973,0.010502997,0.001439383,0.010008209,0.008535091,0.002665107,0.000202413,0.001124518,0.000775917,0.00534146,0.004767956,0.006634655,0.000112452,0.000910859,0.000191168,0.002642617,0.001754248,0.003036198,0.002473939,6.75E-05,0,0.001147008,1.12E-05,0.00060724,0.000472298,0.000449807,0.000528523
1,0.009583698,0.001136633,0.143534684,0.004579241,0.146535722,0.012805521,0.181141703,0.001022152,0.000850431,0.019142864,0.053593478,0.042456109,0.019600788,0.03939783,0.035767146,0.031735778,0.000457924,0.026927574,0.003058279,0.025063169,0.025774587,0.007850128,0.000343443,0.00367157,0.001054861,0.01377861,0.016092762,0.014081167,0.000261671,0.002346861,0.000155367,0.009264786,0.005446026,0.008005495,0.008103622,0.000228962,4.09E-05,0.002600355,8.18E-06,0.001480076,0.00029438,0.001218405,0.001063038
1,0.000806284,0.001736967,0.001331521,0.000405446,0.012868299,0.906595406,0.020525697,0.000382409,0.000271833,0.000704923,0.004146606,0.003492363,0.001465134,0.004160428,0.002690686,0.003501578,0.000921468,0.002828906,0.001239374,0.002188486,0.002160842,0.000520629,5.99E-05,0.000414661,4.15E-05,0.00173236,0.001377595,0.001515815,0.000234974,0.000580525,1.84E-05,0.000566703,0.000428483,0.000741782,0.000645028,3.23E-05,5.99E-05,0.00013822,4.61E-06,0.000142828,0.000534451,7.83E-05,9.68E-05
1,0.001640944,4.99E-05,0.00196248,0.000271643,0.02069474,0.000465673,0.034099477,0.740985897,0.001823887,0.000160768,0.009773594,0.00547166,0.002472503,0.007084886,0.005177843,0.005832003,9.98E-05,0.00514458,0.000604266,0.003675492,0.00401366,0.000942434,5.54E-05,0.000537742,0.000249468,0.002882739,0.003098944,0.002766321,0.077362737,0.013670836,0.000105331,0.001258426,0.000864822,0.00139702,0.001153096,2.22E-05,0.001313864,0.00028273,0.000149681,0.000293818,4.43E-05,0.000133049,0.000255012
1,0.008665888,0.036473253,0.112460057,0.003702133,0.118695774,0.027145531,0.155675743,0.010672072,0.000330917,0.06116793,0.04675236,0.035935513,0.014694781,0.032636684,0.031002782,0.02677325,0.000703199,0.023050434,0.003319511,0.021199367,0.024187961,0.00680448,0.000310235,0.002088913,0.000930704,0.015211839,0.014436252,0.011395952,0.000486034,0.005677294,0.000124094,0.008117806,0.005480812,0.006142646,0.006887209,0.000113753,5.17E-05,0.001592538,2.07E-05,0.001685608,0.000382623,0.000858316,0.00134435
1,0.003585985,0.614926029,0.004362854,0.002015357,0.057223761,0.011529195,0.082387579,0.000360287,0.004486703,0.000275845,0.021482132,0.018689905,0.007397149,0.019658177,0.012632574,0.014844964,0.000529172,0.014180684,0.001424261,0.01058907,0.011669932,0.003056813,0.00363665,0.001418631,0.000416582,0.00782499,0.007290189,0.007025603,0.000101331,0.000928866,0,0.003512801,0.002386904,0.002966741,0.002916076,0.000450359,3.94E-05,0.000973902,6.19E-05,0.000636132,0.000287104,0.000523543,0.000675539
1,0.000972015,0.001309085,0.00120718,0.000274359,0.013231951,0.0936819,0.02237987,0.780457788,0.002900368,0.00013326,0.006067257,0.003527475,0.001669672,0.004695461,0.003535314,0.004381908,0.000211649,0.003770479,0.000666301,0.002673042,0.002970918,0.000783883,0.000101905,0.00047033,0.000227326,0.00167751,0.002414361,0.002038097,5.49E-05,0.000290037,2.35E-05,0.000917144,0.000783883,0.00101121,0.001105276,2.35E-05,0.001293408,0.000243004,0.00026652,0.000180293,8.62E-05,0.000164616,0.00013326
1,0.003015114,0.678238869,0.003680912,0.001407687,0.048888593,0.003005602,0.075197124,0.000399479,0.000256808,0.002472964,0.016492767,0.015865014,0.006772116,0.015551138,0.010091595,0.014457327,0.000456547,0.010719347,0.001265016,0.010072572,0.0091785,0.002568078,0.000123648,0.001236482,0.000637264,0.005763908,0.005288338,0.006201432,0.000218762,0.000932117,0.000684821,0.003642866,0.001854723,0.002977068,0.002197133,5.71E-05,9.51E-06,0.002063974,9.51E-06,0.000485081,0.000332899,0.000370945,0.000399479
1,0.008196893,0.24346761,0.010918722,0.003517441,0.128972824,0.008636573,0.157646246,0.000607177,0.000795612,0.001517943,0.049966501,0.04042963,0.017513923,0.037812487,0.029238725,0.028830451,0.000544366,0.023742724,0.002941669,0.023973033,0.020727775,0.006071773,0.00021984,0.002093715,0.001109669,0.014446631,0.014247728,0.012677442,0.000523429,0.001936686,0.000785143,0.006595201,0.004878355,0.008196893,0.006197395,0.000230309,6.28E-05,0.002805578,0,0.001277166,0.000376869,0.00102592,0.000994514
1,0.000868621,0.003216612,0.001099349,0.000312161,0.013477199,0.583061889,0.022692725,0.001004343,0.103949511,0.000312161,0.004777416,0.004234528,0.001832248,0.004655266,0.002823018,0.003800217,0.000380022,0.003488056,0.000882193,0.002442997,0.002945168,0.000705755,0.000190011,0.00036645,0.000190011,0.001832248,0.001710098,0.001533659,4.07E-05,0.000203583,0,0.000990771,0.000787188,0.00104506,0.000597177,0.197692725,0.001126493,0.00012215,0.000108578,0.000230727,0.0002443,2.71E-05,0.000149294
1,0.001517441,0.807488668,0.002916639,0.000584642,0.023661565,0.030486763,0.036313473,0.000308743,0.000124811,0.000755436,0.007790843,0.007817119,0.003054588,0.007751429,0.004578598,0.006477041,0.000670039,0.006207712,0.001241542,0.004164751,0.00568876,0.001307232,5.91E-05,0.00039414,0.000183932,0.003034881,0.002542206,0.00258162,0.000111673,0.000302174,5.26E-05,0.0015897,0.001215266,0.001563424,0.001175852,2.63E-05,6.57E-06,0.0004664,0,0.000348157,0.000604349,0.000151087,0.000275898
1,0.010319151,0.000184362,0.011650654,0.003359485,0.150034824,0.003548969,0.201179917,0.000522359,0.000435299,0.000471147,0.055134482,0.047263248,0.018943196,0.041409755,0.034439847,0.033651187,0.000681115,0.023040129,0.002494008,0.029989553,0.025662167,0.007763689,0.00017412,0.003446545,0.001413442,0.016787185,0.014646537,0.015353258,0.117561505,0.013437942,0.000189483,0.007420571,0.004194236,0.008798165,0.007087695,0.00022021,1.54E-05,0.002616916,0,0.001561956,0.000168999,0.001285413,0.001157384
1,0.004407404,0.53671883,0.004041075,0.001808753,0.065218138,0.048538688,0.092876032,0.000652525,0.000446464,0.000320539,0.022380456,0.01959864,0.00734949,0.018224904,0.013806051,0.013703021,0.000721212,0.012100329,0.002175083,0.010806727,0.010131306,0.003308415,0.000354882,0.00151111,0.000606734,0.007017504,0.005781141,0.006948817,0.000228956,0.000847137,0.026593248,0.003766327,0.002495621,0.003354206,0.003090907,5.72E-05,5.72E-05,0.001110437,1.14E-05,0.000538047,0.00036633,0.000824242,0.000583838
1,0.00970004,0.000106541,0.009046268,0.003094521,0.137819985,0.00260056,0.18515308,0.000309936,0.000406791,0.040519337,0.057381813,0.04113921,0.016843104,0.039143994,0.036049474,0.031042064,0.000600502,0.023593906,0.003225275,0.026068554,0.019802028,0.006779858,0.000406791,0.003089678,0.000920124,0.015840654,0.014717135,0.014901159,0.02073668,0.08057377,0.000174339,0.008489351,0.005506213,0.006823443,0.00738036,0.000101698,2.91E-05,0.002135655,4.84E-06,0.00142377,0.000121069,0.001414085,0.000871696
1,0.009712948,0.146868816,0.015088953,0.003704473,0.13374956,0.023789947,0.161903557,0.000569224,0.000650542,0.054844277,0.049630908,0.037388075,0.018034461,0.036267698,0.032888495,0.029084634,0.000659577,0.025777714,0.003812897,0.023067123,0.021982887,0.007408947,0.000207812,0.003451485,0.001165554,0.013905328,0.015278694,0.012622315,0.000162635,0.001273977,9.04E-06,0.007327629,0.005023627,0.007454123,0.00674937,0.000108424,3.61E-05,0.002051013,9.04E-06,0.001635389,0.000343341,0.001427578,0.000587295
2,0.002884531,0.492522745,0.004523896,0.001658136,0.03955124,0.030697418,0.05593863,0.000431741,0.000882254,0.217797745,0.015323681,0.013352689,0.005193408,0.012808319,0.008440851,0.011269069,0.000544369,0.010211616,0.001201367,0.0071644,0.007852682,0.002058592,0.000963596,0.000775883,0.000463027,0.005162122,0.004742895,0.004411268,5.63E-05,0.000707054,3.13E-05,0.003297501,0.001733222,0.002202505,0.001808307,0.000143914,3.13E-05,0.000600683,0,0.000450512,0.000644483,0.000262799,0.000362913
2,0.008928109,0.167210432,0.01235642,0.00516836,0.13002724,0.012563569,0.17153984,0.000652518,0.000838952,0.004329408,0.052128971,0.037369626,0.01473863,0.043242291,0.033744524,0.03064765,0.00080788,0.034583476,0.003314379,0.021336316,0.027996147,0.007830221,0.000186434,0.003604387,0.001812551,0.018467307,0.017462636,0.010751018,0.000476442,0.002092202,3.11E-05,0.010171001,0.007219132,0.007778434,0.008058084,9.32E-05,4.14E-05,0.002506499,2.07E-05,0.001626117,0.00032108,0.001077173,0.001139318
2,0.009494058,6.62E-05,0.015787757,0.003577471,0.149453697,0.004270542,0.193540168,0.000535092,0.00061663,0.094104817,0.052821208,0.047393848,0.019854455,0.04804615,0.036727684,0.033603767,0.000570765,0.025709888,0.002599017,0.029705241,0.025383737,0.007027539,0.00024971,0.003388915,0.001172106,0.019839167,0.016011986,0.015568624,0.015925352,0.00840349,0.000264998,0.00803657,0.004571213,0.009009927,0.007430132,0.000107018,5.10E-05,0.002797766,5.10E-06,0.001610372,0.000101922,0.001391239,0.001197586
2,0.004349499,0.521616942,0.005524482,0.001587258,0.063524675,0.072587849,0.085849355,0.000178652,0.002789726,0.000858906,0.024516608,0.018373713,0.007324749,0.019692993,0.013708137,0.016992593,0.000913876,0.016490992,0.002246898,0.011241359,0.013591326,0.003682988,0.002384323,0.001580387,0.00065964,0.008362307,0.007785122,0.006685723,2.75E-05,0.000852035,6.87E-06,0.0043014,0.003002735,0.004459439,0.003476851,0.00032982,6.87E-05,0.001023816,8.93E-05,0.000611541,0.000522215,0.000474116,0.000755837
2,0.005263278,0.011944758,0.005589389,0.002032505,0.080458375,0.531833729,0.104196213,0.000394367,0.000250271,0.000462622,0.025876518,0.023191791,0.010435548,0.021819092,0.015524394,0.018671743,0.000462622,0.015964264,0.002206936,0.015334795,0.012907923,0.004277361,0.000166847,0.001691226,0.000750813,0.008069348,0.007174439,0.008342371,0.000151679,0.001281692,3.79E-05,0.003807155,0.002866742,0.004087762,0.004535216,8.34E-05,3.79E-05,0.001334779,3.79E-05,0.00059155,0.000295775,0.000765981,0.000856989
2,0.006032314,9.27E-05,0.28893524,0.002006357,0.08130049,0.004211363,0.114051119,0.000278109,0.000178784,0.220401271,0.034061714,0.02439412,0.009905973,0.024851013,0.019785459,0.019878162,0.000496623,0.015415177,0.002079195,0.015262879,0.011170706,0.003582307,0.000192028,0.002112303,0.000390677,0.010203946,0.008422725,0.009356377,0.001052841,0.002218249,0.000165541,0.004787445,0.002410277,0.004310687,0.003648523,1.32E-05,6.62E-06,0.001072706,6.62E-06,0.000840948,0.000357569,0.000821083,0.000595948
2,0.003831599,0.529489143,0.004668074,0.001592002,0.060482593,0.073643594,0.087040697,0.000451967,0.000242848,0.000640848,0.0256879,0.019488536,0.008567131,0.020426198,0.014577613,0.015535513,0.000384509,0.015447818,0.002043969,0.011285677,0.0137209,0.003325666,0.000121424,0.00161224,0.000573391,0.007757638,0.007649706,0.006954891,0.000215865,0.000836476,4.05E-05,0.004081192,0.002759021,0.004539905,0.003757395,8.09E-05,6.75E-06,0.000937662,6.75E-06,0.000802747,0.000499187,0.000398001,0.000715052
2,0.007121398,0.082939052,0.006726103,0.00319277,0.121969909,0.078049552,0.156980916,0.000170281,0.003302237,0.137131007,0.047034068,0.035181289,0.017101086,0.037747668,0.029087658,0.025700281,0.000699369,0.023109576,0.002931267,0.022446696,0.020336427,0.006659207,0.002438668,0.002414343,0.000991279,0.012740674,0.013208947,0.011220307,9.12E-05,0.001897418,5.47E-05,0.005740905,0.004402982,0.005278714,0.005546298,0.000480436,3.65E-05,0.00198864,9.73E-05,0.001131153,0.000535169,0.00116156,0.00095479
2,0.010879013,0.325618954,0.005624562,0.012381887,0.094821253,0.057030702,0.124564699,0.000717791,0.002916024,0.011708958,0.038906491,0.027808776,0.01150708,0.029878032,0.023709519,0.022744988,0.000824338,0.020967335,0.002792654,0.01810178,0.017939156,0.006841441,0.002243095,0.00218141,0.001216879,0.011608019,0.011052853,0.009981775,0.000201879,0.001749614,0,0.005961026,0.0047105,0.005910557,0.005052573,0.000308426,6.17E-05,0.001687929,3.93E-05,0.001317819,0.000543951,0.000611244,0.000947708
2,0.006976015,0.322144778,0.005957047,0.002737347,0.098580679,0.00361161,0.12166122,0.000530587,0.002224848,0.083561446,0.038105804,0.030466555,0.013861589,0.029749056,0.024214068,0.024328626,0.000639116,0.02127775,0.002393672,0.019137314,0.019643783,0.004932049,0.001676173,0.001832937,0.000946616,0.012324092,0.011938211,0.009912333,0.000180882,0.00130838,4.22E-05,0.005541018,0.003744257,0.005733959,0.004823519,0.000391911,5.43E-05,0.00160985,3.62E-05,0.001187792,0.000542646,0.000940586,0.000910439
2,0.009555363,0.084866972,0.006504919,0.005616048,0.116704713,0.026363104,0.195187976,0.000646452,0.000383831,0.002100968,0.049190925,0.025494434,0.00989879,0.051817135,0.02393891,0.031191289,0.001676734,0.057877619,0.004161532,0.019837983,0.042847619,0.012444193,0.000343427,0.003979718,0.002181774,0.024666168,0.019575362,0.007676613,0.000606048,0.000848468,0.00137371,0.015696653,0.009474556,0.008605887,0.010989677,0.00012121,2.02E-05,0.002181774,0,0.002727218,0.000525242,0.001171694,0.001939355
2,0.001857281,0.330626717,0.375523799,0.000897942,0.029593701,0.089840212,0.044382876,9.21E-05,0.001511919,0.003384549,0.01238699,0.010046202,0.004121322,0.009501297,0.008250319,0.007866583,0.000506531,0.007590293,0.000928641,0.005610217,0.006293266,0.001941703,0.000967014,0.000713748,0.000237916,0.004105972,0.003445947,0.003476646,7.67E-06,0.000721423,0,0.001749835,0.001604015,0.001826582,0.001519594,6.91E-05,7.67E-06,0.000544905,1.53E-05,0.000345362,0.000337687,0.000237916,0.000207217
2,0.006328126,0.392196467,0.004273652,0.002565925,0.068863885,0.11471246,0.095043257,0.000476777,0.003302762,0.001282963,0.031926698,0.019677872,0.007576414,0.022477852,0.020943498,0.017701416,0.001031571,0.024506319,0.002825985,0.011902079,0.019417812,0.006518837,0.00312072,0.001673053,0.000589469,0.01384386,0.011104561,0.006146084,0.00026006,0.001282963,0,0.007056294,0.00396158,0.004629068,0.004559718,0.000251391,5.20E-05,0.001126927,4.33E-05,0.00117027,0.000615475,0.000736837,0.000996897
2,0.000882094,0.887778104,0.004410468,0.000686073,0.016073704,0.004508478,0.015289621,0.000686073,9.80E-05,0.013133392,0.003626384,0.004312457,0.001470156,0.004900519,0.002156229,0.001470156,0.000980104,0.001960208,0.001568166,0.003136332,0.001470156,0.000490052,0.000392042,0.000196021,9.80E-05,0.000980104,0.000588062,0.000686073,0,9.80E-05,0,0.000784083,9.80E-05,0.000490052,0.000784083,0,0,0,0,0.000196021,0.000588062,0.000196021,9.80E-05
2,0.003049671,0.007475414,0.003331261,0.000993534,0.055499769,0.554360127,0.082952124,0.000191269,0.000180643,0.072660812,0.020056637,0.014956141,0.006768783,0.017671092,0.010471955,0.01307002,0.000557867,0.009637812,0.001418575,0.010397573,0.008952433,0.002725577,8.50E-05,0.001051977,0.000584432,0.0075923,0.005334268,0.004834845,0.016661619,0.001657661,5.84E-05,0.00340033,0.002284597,0.003086863,0.002534309,7.97E-05,1.59E-05,0.000866022,5.31E-06,0.000355972,0.000244399,0.000717257,0.000520676
2,0.001668712,9.33E-05,0.012328834,0.177496933,0.647146012,0.002134969,0.019033129,0.000142331,8.83E-05,6.38E-05,0.007214724,0.07088589,0.001629448,0.004093252,0.00438773,0.003543558,0.000181595,0.003411043,0.000525153,0.002066258,0.003234356,0.000687117,0.000534969,0.000480982,0.000117791,0.00208589,0.002719018,0.001825767,0.005771779,0.00033865,7.36E-05,0.001173006,0.000736196,0.001011043,0.00084908,1.47E-05,5.40E-05,0.000245399,6.38E-05,0.000269939,6.87E-05,9.33E-05,0.000107975
2,0.005646426,0.473522842,0.005237164,0.002309901,0.071350286,0.063081811,0.094601906,0.000443945,0.00439783,0.000652044,0.03018826,0.022828485,0.007859214,0.022287427,0.019443404,0.017390158,0.001089053,0.016856037,0.001546871,0.01257613,0.015496455,0.004002442,0.003607053,0.001609301,0.000728347,0.010016509,0.010155242,0.008088123,8.32E-05,0.001845146,0,0.006409456,0.003960822,0.004293781,0.004099555,0.000513311,5.55E-05,0.001227785,3.47E-05,0.001040496,0.000263592,0.000554931,0.000437008
2,0.001342051,0.036476256,0.002248222,0.000894701,0.026634549,0.795090617,0.039676531,0.000160587,5.74E-05,0.00243175,0.008212893,0.007627896,0.003716449,0.008040835,0.004565267,0.007237899,0.000412939,0.00573526,0.001169993,0.004714384,0.005184675,0.001399404,0.000183528,0.000584997,0.000424409,0.00330351,0.002580867,0.003544391,0.000114705,0.00066529,0,0.001743519,0.001342051,0.001364992,0.001112641,2.29E-05,2.29E-05,0.000493232,0,0.000172058,0.000263822,0.000160587,0.000286763
2,0.003875771,0.215986828,0.397149997,0.001078222,0.039719371,0.041271136,0.060540714,0.00012385,0.002243868,0.067214034,0.018242352,0.014024173,0.005544101,0.013834755,0.011088203,0.010541807,0.000415261,0.01049081,0.001238498,0.008144948,0.00857478,0.00256442,0.002032594,0.000976228,0.000568252,0.005631525,0.005332828,0.004240036,0.000116565,0.000655676,6.56E-05,0.00333666,0.001945171,0.002695555,0.002134588,0.000356979,2.91E-05,0.000706673,7.29E-06,0.00050997,0.00038612,0.000225844,0.000437117
2,0.009842326,0.15126974,0.008031044,0.002885773,0.131867525,0.057948768,0.169732544,0.000644694,0.003616426,0.0020753,0.054295503,0.038460594,0.017910209,0.040192057,0.033094285,0.029127883,0.001142029,0.026862244,0.002922612,0.025038682,0.02414225,0.006962694,0.003536606,0.002695434,0.00102537,0.014975317,0.016301545,0.011365032,0.000423656,0.00211828,5.53E-05,0.008712577,0.005077732,0.008773976,0.006219761,0.000454356,5.53E-05,0.002259498,0.000116659,0.001320087,0.000196478,0.000982391,0.001356927
2,0.006257359,0.013807356,0.006314992,0.003507414,0.102488947,0.382308142,0.135117778,0.000658669,0.000584569,0.001012704,0.037387717,0.031155059,0.012827585,0.03147616,0.023777963,0.02159612,0.000749236,0.020319949,0.003054579,0.016927802,0.018516841,0.005104687,0.000304635,0.002379443,0.000815103,0.011370279,0.011831348,0.009665972,0.000494002,0.001621973,4.94E-05,0.006191492,0.003910849,0.006273825,0.005326988,0.000214068,1.65E-05,0.001934841,3.29E-05,0.001482006,0.000395202,0.001111504,0.001144438
2,0.002900662,0.687401254,0.003098153,0.001653994,0.049835835,0.002332873,0.073503999,0.000253036,0.000166634,0.004678088,0.01752123,0.015213044,0.006079046,0.016256048,0.010096771,0.012590106,0.000623334,0.01085588,0.001456502,0.00940555,0.009664758,0.00270317,0.000154291,0.001147921,0.000641849,0.005610003,0.004986669,0.005326108,0.000104918,0.000851684,3.09E-05,0.003270959,0.001814456,0.002129209,0.00178977,1.23E-05,0,0.001005974,6.17E-06,0.000543103,0.000401155,0.000246865,0.000481386
2,0.007204886,0.000120752,0.007884118,0.002596174,0.113602745,0.025861115,0.155710074,0.000578605,0.000291818,0.103977782,0.04858267,0.036079777,0.014907876,0.032099983,0.031093714,0.026047275,0.000543385,0.01855057,0.194768407,0.021353029,0.017227326,0.005368445,0.000171066,0.002535798,0.000850297,0.01282993,0.011174618,0.012975839,0.003582318,0.001781096,0.002218823,0.006203649,0.003602443,0.006721877,0.005016251,4.03E-05,2.01E-05,0.002138322,2.01E-05,0.000739608,0.000221379,0.000779859,0.000649044
2,0.004345214,0.001123846,0.00379298,0.001622795,0.064446748,0.570095042,0.095914433,0.000179234,9.69E-05,0.014866737,0.024608349,0.019987018,0.007740973,0.021517773,0.015205828,0.016920662,0.000794443,0.011756784,0.001690613,0.012318707,0.011495199,0.002766017,0.000159857,0.001525911,0.000629741,0.008893884,0.007387349,0.007314687,0.010957497,0.002572251,5.81E-05,0.003671876,0.002204094,0.003206836,0.002882277,0,1.45E-05,0.001448405,0,0.000590988,0.000368156,0.000397221,0.00054739
2,0.010459736,4.10E-05,0.014629575,0.002898975,0.14968082,0.013095168,0.19354612,0.000491947,0.00036896,0.098828697,0.060450952,0.046243045,0.018155198,0.04579795,0.038178624,0.032497804,0.00077306,0.02620205,0.003326501,0.029551977,0.025592972,0.008187408,9.96E-05,0.003385066,0.001247438,0.020128843,0.017762811,0.016398243,0.008275256,0.002354319,0.001469985,0.008884334,0.004456808,0.008796486,0.007420205,0.000234261,4.10E-05,0.002254758,1.17E-05,0.001710102,0.000140556,0.001540264,0.000802343
2,0.001165654,0.003159248,0.001590518,0.000838835,0.019750746,0.856613722,0.030840796,0.000141621,0.000174303,0.004608144,0.006340284,0.005163736,0.002309519,0.005915419,0.003725734,0.005588601,0.00041397,0.005131054,0.000773471,0.003682158,0.004052552,0.001220123,4.36E-05,0.000479334,0.000206985,0.002233261,0.001590518,0.00250561,6.54E-05,0.00046844,0,0.001263699,0.000947774,0.001067608,0.00104582,5.45E-05,5.45E-05,0.000239667,1.09E-05,0.000305031,0.000326819,0.000119834,0.000196091
2,0.010981452,0.079961544,0.021913176,0.004873278,0.15371546,0.025327786,0.186121103,0.000895092,0.001259759,0.01852343,0.053299408,0.045624824,0.02091863,0.045235293,0.035298115,0.035182085,0.000621592,0.025800196,0.003041655,0.025825059,0.025501832,0.006928674,0.000621592,0.003663247,0.001251471,0.01436291,0.017039898,0.013061712,0.000281788,0.001914502,0.005345688,0.007351357,0.005842961,0.007798903,0.007334781,0.00015747,9.95E-05,0.002312321,8.29E-06,0.001931078,0.000215485,0.001234895,0.001094001
2,0.00575557,7.37E-05,0.006808739,0.001411247,0.090698936,0.123547285,0.123610475,0.000258026,7.90E-05,0.00562919,0.034417571,0.026750499,0.011226784,0.029746765,0.020083938,0.020305103,0.000379141,0.01795127,0.002211655,0.016940227,0.014607457,0.00370189,8.43E-05,0.001664007,0.000779345,0.011611191,0.009678625,0.010563288,0.052342512,0.004470703,0.275393227,0.004712932,0.003027862,0.005155263,0.004360121,2.11E-05,5.27E-06,0.001400715,5.27E-06,0.001269069,0.000115849,0.001105828,0.000753016
3,0.010225035,0.000290334,0.015498556,0.003357317,0.157957527,0.004117464,0.208422853,0.000496207,0.000300892,0.078300438,0.064575558,0.049425403,0.020487022,0.044811732,0.039036725,0.035748032,0.000475092,0.024593928,0.002850552,0.031435253,0.022397948,0.007290023,0.00039591,0.003220068,0.001388324,0.016374837,0.018549703,0.016997735,0.002232932,0.002803043,4.22E-05,0.008097679,0.005315751,0.007807345,0.007316417,0.000163643,1.06E-05,0.002634121,1.06E-05,0.001694495,0.000147806,0.001314421,0.001346094
3,0.094243967,0.034229623,0.030369297,0.12942285,0.04216122,0.279848962,0.059184621,0.000421893,0.015469427,0.065794285,0.014442819,0.01277634,0.005041627,0.014970186,0.008606627,0.016756202,0.00085785,0.013507622,0.003164201,0.006813579,0.00862069,0.001842268,0.059472914,0.001026607,0.000618777,0.005294763,0.004338471,0.005547899,0.000232041,0.000703156,0.000112505,0.003136075,0.003726726,0.002271193,0.001793047,0.002468077,0.000696124,0.000682061,0.000175789,0.000506272,0.000907071,0.000189852,0.000464083
3,0.000994936,0.847086634,0.001473702,0.000471285,0.014557478,0.039662769,0.023100459,5.24E-05,0.000710668,0.000239383,0.005281387,0.004952236,0.00187018,0.005243984,0.003149382,0.004832544,0.00062838,0.004256529,0.001137069,0.002932442,0.003553341,0.001054781,0.000703188,0.000351594,6.73E-05,0.002229254,0.001810334,0.001608354,0,0.000224422,2.24E-05,0.001256761,0.000748072,0.001002416,0.000950051,5.24E-05,3.74E-05,0.000351594,2.99E-05,0.000239383,0.000763033,7.48E-05,0.000246864
3,0.005368416,0.424715053,0.006777716,0.002339147,0.086817234,0.03905359,0.110956944,0.000297842,0.003305317,0.001017021,0.035523075,0.026311775,0.011107317,0.027183507,0.021517249,0.02042032,0.000690121,0.02042032,0.002796807,0.014935673,0.016301387,0.005048781,0.003036533,0.002273767,0.0010824,0.011485068,0.010533427,0.007140937,0.000174346,0.001779786,3.63E-05,0.005753431,0.003842885,0.005070574,0.004424039,0.000355957,6.54E-05,0.000995227,8.72E-05,0.000690121,0.000537568,0.000581155,0.000733708
3,0.004526339,0.198278345,0.110541432,0.00168709,0.067080347,0.046201578,0.087753372,0.000436175,0.000205743,0.239772531,0.025438026,0.021084511,0.009077367,0.019677231,0.016714536,0.016105538,0.000444404,0.013406194,0.001571874,0.013546099,0.013455572,0.003851503,0.000230432,0.001604793,0.000460864,0.007991046,0.008534207,0.007233913,8.23E-05,0.001176848,1.65E-05,0.004081935,0.003547004,0.003925571,0.003530545,5.76E-05,8.23E-06,0.001201537,1.65E-05,0.000897038,0.000905268,0.000600769,0.000740674
3,0.003462139,0.243487689,0.003950596,0.442633158,0.043848396,0.001980666,0.064320642,0.000128824,0.00025228,0.005990306,0.02126666,0.013923704,0.005823909,0.015136795,0.01242076,0.012313407,0.000305956,0.011368699,0.001347282,0.008094428,0.009323621,0.002420814,0.001052061,0.001288238,0.000429413,0.005834644,0.006591484,0.005410599,9.13E-05,0.000708531,3.76E-05,0.00297905,0.002512064,0.002995153,0.003059565,5.37E-05,7.51E-05,0.000536766,0.000177133,0.000826619,0.000305956,0.000327427,0.000466986
3,0.007949749,0.24618362,0.008992476,0.002602646,0.118028329,0.015849447,0.146257028,0.001593287,0.002544253,0.02000367,0.047373163,0.031765628,0.014539782,0.036587197,0.028695841,0.02818699,0.000759105,0.025851282,0.002953002,0.021213233,0.024916999,0.007023808,0.002702748,0.00303642,0.001126145,0.015207127,0.01480672,0.010936118,9.18E-05,0.001284639,0,0.006998782,0.00657335,0.007457582,0.005797561,0.000308647,2.50E-05,0.00197701,7.51E-05,0.001509868,0.000316989,0.001084436,0.001476501
3,0.007713583,0.000190302,0.233310497,0.004554566,0.082350105,0.032820786,0.150630535,0.000291797,0.000304484,0.053119687,0.039379869,0.019106341,0.006559082,0.040026896,0.020032478,0.026312451,0.001141813,0.038250742,0.002765725,0.015160742,0.026261704,0.007434473,0.000253736,0.003082896,0.00111644,0.023242242,0.016010758,0.005873995,0.004110528,0.000850016,0.021186978,0.009870341,0.006762072,0.005442643,0.006470275,6.34E-05,1.27E-05,0.001103753,0.000114181,0.001979143,0.000507473,0.000621654,0.002017203
3,0.008529264,0.000115338,0.007364348,0.002468239,0.129490263,0.015357289,0.174443349,0.000438285,0.000593992,0.255491543,0.048984158,0.034266997,0.015645635,0.039999308,0.028707692,0.029267083,0.000282579,0.020541744,0.002768118,0.023869253,0.018679031,0.004492425,0.000259511,0.003275607,0.000916939,0.0132639,0.014849801,0.01296402,0.000380616,0.001372525,0,0.005374763,0.003442847,0.007283611,0.005945687,8.07E-05,1.73E-05,0.001384059,0,0.001360991,0.000351782,0.001545533,0.00125142
3,0.010149758,0.000100805,0.010886891,0.003502958,0.132047655,0.018025113,0.188706111,0.000409518,0.000233111,0.039842997,0.057899611,0.040214714,0.014465452,0.043812176,0.035886418,0.032496866,0.001089949,0.030039755,0.004460601,0.024986927,0.022977136,0.006098675,0.00022681,0.003962879,0.001505768,0.022252604,0.018976456,0.012934483,0.019745091,0.052437265,5.67E-05,0.008536885,0.00643259,0.007188624,0.00686731,1.89E-05,1.89E-05,0.002034992,5.67E-05,0.002053893,0.00022681,0.001171853,0.001348261
3,0.006151523,0.000115782,0.005255474,0.002003524,0.092544677,0.009725648,0.12379562,0.286171659,0.000840675,0.172056381,0.032615152,0.030118299,0.011754342,0.026025673,0.022949912,0.022315631,0.000478228,0.013410521,0.001535364,0.016894035,0.014195822,0.00384596,0.000166121,0.002159577,0.000896048,0.00914674,0.009831362,0.010561289,0.002099169,0.00088598,0.00036748,0.004158067,0.002743519,0.004767178,0.004450038,7.05E-05,0.000226529,0.001359174,2.01E-05,0.000790335,0.000281903,0.000734961,0.000719859
3,0.005495384,0.387501166,0.004729361,0.003923371,0.075896247,0.031546834,0.096299109,0.001105738,0.002804311,0.110726989,0.030001465,0.024026484,0.009858386,0.022574371,0.018531101,0.017265497,0.000792667,0.017551923,0.002118221,0.014307981,0.016086487,0.004942515,0.002604479,0.001691912,0.000412986,0.009591943,0.009032413,0.007533672,0.00024646,0.001398825,4.00E-05,0.004609461,0.002751022,0.004769327,0.003683572,0.000486258,4.00E-05,0.001378842,5.33E-05,0.001052449,0.000626141,0.000446292,0.000919228
3,0.008737997,5.59E-05,0.331078093,0.002744921,0.106111515,0.013968596,0.144367575,0.000452404,0.000167745,0.013068872,0.047039806,0.033630361,0.01383135,0.033101709,0.027179797,0.023326742,0.000599816,0.019636349,0.002429763,0.019773595,0.015127563,0.005154351,9.66E-05,0.002038358,0.001011554,0.013866932,0.01038495,0.011330422,0.005062854,0.00137246,0.002012942,0.006130323,0.003476899,0.005134018,0.005042521,0.000157579,2.54E-05,0.001265713,3.05E-05,0.001031887,0.000213494,0.000991221,0.000808227
3,0.007513221,0.182471505,0.006753953,0.002736896,0.114199193,0.109617099,0.150229105,0.000759268,0.004635066,0.023793338,0.04477915,0.034255344,0.014426091,0.035385417,0.025170615,0.025073499,0.001006471,0.022936954,0.002374919,0.020403118,0.020579692,0.006524407,0.004670381,0.001906999,0.001032958,0.01314593,0.013472591,0.011097672,0.00020306,0.002039429,2.65E-05,0.0070453,0.004396691,0.006674495,0.005526764,0.000547379,7.06E-05,0.001783397,5.30E-05,0.001068272,0.000229546,0.000891698,0.001059444
3,0.005802107,0.2524469,0.186848558,0.002735279,0.085042307,0.004676222,0.106496287,0.000462787,0.000276291,0.008571922,0.035979969,0.027663616,0.010512865,0.024776377,0.021847695,0.019361078,0.000932481,0.021336557,0.002610948,0.016121568,0.018912105,0.005125194,0.000276291,0.001913314,0.000670005,0.011403903,0.011203592,0.008219651,0.000145053,0.001194958,0,0.006617165,0.003992402,0.005056122,0.004337765,3.45E-05,1.38E-05,0.001457434,0,0.001132792,0.02595752,0.001001554,0.000656191
3,0.00410427,1.34E-05,0.308256155,0.001549161,0.066332245,0.000824878,0.096691771,0.000288372,0.000301785,0.264785766,0.022077217,0.019528814,0.008268897,0.020139089,0.014680142,0.013835145,0.000221309,0.008986473,0.001233964,0.01191043,0.009804645,0.002132611,8.72E-05,0.001079718,0.000482855,0.007101996,0.006357595,0.007249536,0.002675823,0.001093131,0.04778926,0.003232448,0.002065548,0.003252567,0.002521578,6.71E-06,1.34E-05,0.000972417,6.71E-06,0.000603569,0.000409086,0.000791346,0.000321904
3,0.010539079,0.159648386,0.009031275,0.004127029,0.137427719,0.017759435,0.17465647,0.000722813,0.000909345,0.000987067,0.057506373,0.042296213,0.016337126,0.040127775,0.035868619,0.032588758,0.000987067,0.028928061,0.003241,0.026705217,0.023813965,0.008557172,0.000272026,0.002665858,0.001367904,0.015350059,0.016764596,0.013904433,0.000163216,0.001772057,6.99E-05,0.008269601,0.005152957,0.008129702,0.007064913,3.11E-05,2.33E-05,0.002844619,5.44E-05,0.001655475,0.00017876,0.001002611,0.000987067
